strategy,average_time_to_detection,success_rate,average_area_covered,average_overlap_ratio,average_battery_used
probability_greedy,36.56666666666667,0.8333333333333334,53.93932316310699,0.9074969261930591,155.65666666666667
random_sweep,69.23333333333333,0.4666666666666667,49.04223689444765,0.9587846557441578,345.3633333333336
sector_search,78.56666666666666,0.13333333333333333,31.90209438792964,0.9756638333178143,419.6933333333336
