strategy,average_time_to_detection,success_rate,average_area_covered,average_overlap_ratio,average_battery_used
auction_based,25.916666666666668,0.6666666666666666,83.16178973444228,0.8577392496290303,141.01666666666682
information_gain,15.916666666666666,0.75,73.23048074506998,0.8197576046017976,95.59166666666677
probability_greedy,22.0,0.75,80.4339448448884,0.8497810876489509,132.05833333333348
random_sweep,29.75,0.6666666666666666,95.3571973430013,0.898755698032068,180.81666666666683
sector_search,33.416666666666664,0.5833333333333334,91.40682205683113,0.9209539386194034,209.39166666666688
