strategy,average_time_to_detection,success_rate,average_area_covered,average_overlap_ratio,average_battery_used
auction_based,37.25,0.75,35.11168926544493,0.7378516787130354,113.7750000000001
information_gain,29.0,1.0,36.00610039471911,0.7468168652440494,139.02500000000012
probability_greedy,22.25,1.0,33.33345843131189,0.6852526367330424,107.9250000000001
random_sweep,70.75,0.5,59.613167240294686,0.8416430895404357,340.75000000000034
sector_search,91.0,0.0,28.507838651602295,0.9313958229304693,464.5000000000003
